<?xml version="1.0" encoding="UTF-8"?>
<!DOCTYPE filesystem PUBLIC "-//NetBeans//DTD Filesystem 1.2//EN" "http://www.netbeans.org/dtds/filesystem-1_2.dtd">
<filesystem>
    <folder name="Actions">
        <folder name="Machine">
            <!-- ugs deprecated item -->
            <file name="com-willwinder-ugs-nbp-core-toolbars-ConnectionBaudRateToolbar.instance_hidden"/>
            <file name="com-willwinder-ugs-nbp-core-toolbars-ConnectionFirmwareToolbar.instance_hidden"/>
            <file name="com-willwinder-ugs-nbp-core-toolbars-ConnectionSerialPortToolbar.instance_hidden"/>
        </folder>
    </folder>
    <folder name="Menu">
        <folder name="File">
            <file name="org-openide-actions-SaveAllAction.shadow_hidden"/>
            <file name="org-openide-actions-SaveAction.shadow">
                <attr name="position" intvalue="11"/>
            </file>
            <file name="org-openide-actions-SaveAsAction.shadow">
                <attr name="position" intvalue="12"/>
            </file>
        </folder>
        <folder name="Tools">
            <file name="Separator1.instance_hidden"/>
            <file name="Separator2.instance_hidden"/>
            <file name="org-netbeans-modules-options-OptionsWindowAction-separatorBefore.instance_hidden"/>
            <file name="org-openide-actions-ToolsAction.shadow_hidden"/>
        </folder>
        <folder name="Window">
            <folder name="Classic">
                <attr name="position" intvalue="20001"/>
            </folder>
            <folder name="Plugins">
                <attr name="position" intvalue="20002"/>
            </folder>
            <file name="Web_hidden"/>
            <file name="Tools_hidden"/>
            <file name="ConfigureWindow_hidden"/>

            <file name="Separator4.instance_hidden"/>
            <file name="SwitchToRecentDocumentAction.shadow_hidden"/>
            <file name="CloseAllButThisAction.shadow_hidden"/>
            <file name="CloseAllDocumentsAction.shadow_hidden"/>
            <file name="CloseWindowAction.shadow_hidden"/>
            <file name="DocumentsAction.shadow_hidden"/>
            <file name="GroupsMenuAction.shadow_hidden"/>
        </folder>
    </folder>
    <folder name="Toolbars">
        <folder name="File">
            <file name="org-openide-actions-SaveAllAction.shadow_hidden"/>
        </folder>
        <folder name="UndoRedo_hidden"/>
        <folder name="Connection">
            <!-- ugs deprecated item -->
            <attr intvalue="0" name="position"/>
            <file name="com-willwinder-ugs-nbp-core-toolbars-ConnectionBaudRateToolbar.shadow_hidden"/>
            <file name="com-willwinder-ugs-nbp-core-toolbars-ConnectionFirmwareToolbar.shadow_hidden"/>
            <file name="com-willwinder-ugs-nbp-core-toolbars-ConnectionSerialPortToolbar.shadow_hidden"/>
        </folder>
        <folder name="StartPauseStop">
            <attr intvalue="100" name="position"/>
        </folder>
        <folder name="Machine Actions">
            <attr intvalue="120" name="position"/>
        </folder>
        <folder name="Pendant">
            <attr intvalue="125" name="position"/>
        </folder>
    </folder>
    <folder name="Windows2">
        <folder name="Components">
            <!-- ugs deprecated item -->
            <!-- Moved to another package -->
            <file name="ProbeTopComponent.settings_hidden"/>
        </folder>
    </folder>
</filesystem>
